"","bedroom","living_room","bathroom","building_floor","total_floor","area","houseage","price"
"2",3,2,2,2,7,49.25,40,4978
"3",1,1,1,3,7,10.5,0,1418
"4",7,6,6,6,6,52.4,32,4588
"5",2,2,1,5,6,34.65,8,3588
"7",1,1,1,2,5,12.98,8,1488
"8",4,2,3,7,7,37.5,34,4968
"9",3,2,2,6,9,30.4,6,3550
"10",1,1,1,2,6,11.8,30,1298
"11",4,2,2,11,15,70.05,5,13650
"12",2,1,1,4,13,20.62,22,1458
"13",4,2,3,2,11,101.63,5,11500
"14",2,1,1,6,6,28.85,47,2480
"15",1,1,1,14,14,22.32,10,3288
"16",3,2,2,9,14,44.57,0,4680
"17",2,2,2,4,12,56.19,38,6180
"18",3,2,2,2,7,49.25,39,4980
"19",3,2,2,9,11,36.67,41,3200
"20",1,1,1,2,6,19.61,22,2080
"21",5,2,2,3,15,72.99,43,9300
"22",2,1,1,14,14,44.27,16,2780
"23",3,2,2,3,7,33.52,38,3350
"24",4,2,2,10,12,44.78,47,6000
"25",NA,NA,NA,3,12,66.88,27,4800
"26",5,2,4,2,9,105.95,14,16500
"27",4,3,3,2,13,151.98,9,15588
"28",2,3,3,2,7,39.4,35,3900
"29",4,3,4,5,6,41.06,40,3580
"30",5,3,2,9,9,51.88,15,5600
"31",3,2,2,9,12,34.45,36,2400
"32",3,2,2,8,12,44.57,30,5705
"33",3,2,2,3,15,60.06,38,4688
"34",2,2,1,3,7,20.15,49,1988
"35",2,2,1,4,12,17.5,48,1968
"36",4,2,2,2,7,85.5,29,8180
"37",3,2,2,5,7,34.16,37,2250
"38",3,2,2,6,7,33.79,36,2980
"39",2,2,1,4,12,17.5,47,1980
"40",2,2,2,10,12,27.6,34,2588
"41",3,2,2,5,7,38.18,41,4380
"42",3,2,2,10,14,60.1,11,3900
"43",2,2,1,4,12,25.06,8,2672
"44",3,2,2,7,12,65.24,1,7980
"45",3,2,2,11,16,126.46,13,15800
"46",5,3,5,3,13,328.83,21,30000
"47",4,2,2,12,14,70.04,18,7580
"48",3,2,2,14,18,60.92,21,6800
"49",2,3,2,5,12,44.01,40,4988
"50",4,2,3,2,11,101.63,5,11500
"51",4,2,3,6,25,111.52,29,8988
"52",3,2,2,2,7,43.9,37,4188
"53",3,2,2,7,7,41.82,42,3980
"54",4,2,3,15,23,113.23,2,13528
"55",3,2,2,3,7,41.26,45,4288
"56",3,2,2,5,14,84.81,31,9500
"57",2,2,1,10,14,26,127,2800
"58",5,5,5,2,7,57.6,38,4750
"59",4,2,2,2,7,53.68,45,5314
"60",3,2,2,6,7,38.72,35,3580
"61",3,2,3,7,17,71.93,28,6980
"62",4,2,2,7,17,80.8,30,11800
"63",3,2,2,5,7,32.18,41,3480
"64",2,2,2,4,14,56.19,38,6498
"65",2,2,1,8,13,36.72,8,2680
"66",1,1,1,2,6,11.8,31,1298
"67",2,2,2,6,7,29.15,39,2780
"68",3,2,2,3,7,38.82,40,3380
"69",1,1,1,4,12,15.5,41,1980
"70",4,2,2,10,25,80.66,29,8200
"71",1,1,1,2,13,17.8,6,2980
"72",4,4,4,6,6,32.41,33,4200
"73",1,1,1,6,10,10.73,11,1450
"74",NA,NA,NA,13,14,103.09,5,12880
"75",3,2,2,2,10,70.56,6,6600
"76",3,2,2,5,6,42.09,39,3499
"77",4,2,2,5,12,48.7,39,6280
"78",3,2,2,6,7,37.04,41,3880
"79",3,2,2,6,7,63.02,8,5288
"80",5,2,5,10,38,189.68,3,28500
"81",4,2,2,1,6,61.55,17,6800
"82",2,2,1,19,26,27.35,28,2688
"83",1,1,1,5,14,11.93,38,1268
"84",2,2,2,2,6,22.86,35,1998
"85",2,2,4,6,7,81.39,7,7880
"86",2,2,2,6,7,29.15,40,2780
"87",4,2,2,3,12,47.22,36,4180
"88",4,2,2,4,7,43.11,39,4199
"89",3,2,2,2,7,70.96,4,6398
"90",4,2,2,4,12,50.51,32,6600
"91",NA,NA,NA,2,6,87.65,44,15500
"92",3,2,2,5,7,26.74,34,2650
"93",1,1,1,3,7,21.52,2,1980
"94",1,1,1,6,7,21.51,2,2198
"95",NA,NA,NA,9,12,27.8,35,3136
"96",4,2,2,11,16,47.98,36,4088
"97",6,3,2,1,6,52.12,30,4960
"98",4,2,2,4,7,59.09,33,3980
"99",3,2,2,2,7,39.63,37,3980
"100",3,2,2,11,12,42.32,37,4280
"101",4,2,3,8,23,120.74,2,12800
"102",4,2,2,8,27,60.08,27,4850
"103",4,2,2,12,19,84.78,37,8690
"104",4,2,2,2,12,41.4,37,3588
"105",2,2,1,2,7,22.6,46,2188
"106",3,2,2,3,7,33.52,37,3350
"107",5,2,4,2,14,136.02,40,16800
"108",3,2,2,2,7,37.01,34,2800
"109",2,1,1,2,7,16.75,0,1728
"110",3,2,2,6,7,50.79,44,5500
"111",3,2,2,6,7,28.6,41,2580
"112",4,2,3,6,25,111.52,29,9800
"113",3,2,3,19,23,97.31,2,12988
"114",4,2,2,1,7,34.9,36,5250
"115",2,2,1,4,6,18.19,23,2150
"116",3,2,2,13,38,60.39,3,7088
"117",3,2,2,2,7,37.01,34,2800
"118",2,2,1,4,6,20.67,23,2150
"119",NA,NA,NA,7,14,97.19,5,11800
"120",3,2,2,8,12,44.57,33,5705
"121",1,1,1,2,5,12.97,8,1550
"122",3,2,2,10,14,60.1,12,3900
"123",4,2,2,4,7,57.88,37,4980
"124",4,2,3,6,25,111.52,29,9800
"125",3,2,2,7,10,66.62,23,7980
"126",3,2,2,4,7,36.95,40,3298
"127",3,2,3,10,23,89.8,2,10588
"128",4,2,2,1,7,34.9,36,5250
"129",2,1,1,2,11,21.76,12,2917
"130",3,2,3,6,7,53.72,40,3500
"131",1,1,1,12,14,8.04,39,990
"132",2,2,1,3,7,20.14,40,1988
"133",3,1,1,3,7,20.14,40,1988
"134",3,2,2,10,14,45.9,4,5300
"135",3,1,1,3,5,21.86,20,2380
"136",3,2,2,3,7,41.38,41,4180
"137",1,1,1,3,5,18.29,26,1980
"138",4,2,3,2,7,60.48,39,5980
"139",3,2,2,6,6,30.65,36,3980
"140",4,2,2,5,12,48.7,39,6280
"141",2,2,1,6,12,24,47,3330
"142",3,2,2,11,14,59.27,3,7180
"143",2,2,2,3,7,28.06,32,1958
"144",3,2,2,3,12,41,31,2980
"145",3,1,1,3,7,20.14,49,1988
"146",4,2,2,5,7,58.16,8,5998
"147",4,2,3,15,23,120.74,2,13228
"148",4,2,2,2,7,76.46,28,8180
"149",1,1,1,25,26,14.54,28,1380
"150",2,1,1,10,11,10.17,18,1390
"151",3,2,2,3,15,72.99,3,8760
"152",3,2,1,9,11,20.98,19,2500
"153",2,2,1,19,26,27.35,28,2688
"154",NA,NA,NA,1,7,26.5,42,9800
"155",1,1,1,8,14,10.65,9,1270
"156",3,2,2,6,7,39.95,45,4500
"157",3,2,2,2,12,31.89,35,2880
"158",3,2,2,6,7,39.95,45,4500
"159",2,2,2,5,6,37.84,2,4250
"160",4,2,2,4,7,53.94,45,5388
"161",2,2,1,7,7,15.52,39,1699
"162",1,1,1,4,6,13.73,22,1720
"163",1,1,1,5,11,10.78,11,1730
"164",1,1,1,3,7,17.64,9,1799
"165",4,2,3,2,11,101.63,5,11500
"166",1,1,1,4,6,18.16,17,2280
"167",3,2,2,7,12,39.67,34,4200
"168",1,1,1,4,6,13.73,22,1720
"169",3,2,2,5,7,62.8,13,7888
"170",3,2,3,13,13,61.35,28,6880
"171",3,2,3,2,7,43.62,37,3950
"172",3,2,2,3,15,75,28,10500
"173",4,2,2,8,12,42.95,37,3998
"174",3,2,2,10,12,41.93,43,4468
"175",3,2,2,5,7,39.3,38,3150
"176",3,2,2,8,12,61.04,47,7280
"177",2,2,1,4,14,20.65,40,2188
"178",3,2,2,10,16,54.39,23,4800
"179",2,2,2,11,12,28.5,36,2560
"180",2,2,2,3,14,33.45,31,2858
"181",4,2,3,8,15,82.3,2,9680
"182",2,1,1,2,7,24.17,4,2160
"183",2,2,1,7,7,15.52,40,1699
"184",1,1,1,7,12,17.67,40,1766
"185",2,1,1,5,12,20.19,40,1990
"186",4,2,2,4,12,50.51,31,6600
"187",3,2,2,2,7,39.63,38,3980
"188",1,1,1,7,12,17.67,40,1766
"189",2,2,2,7,7,38.01,30,5980
"190",3,2,2,16,16,57.26,33,4380
"191",3,2,2,7,12,65.24,1,7980
"192",NA,NA,NA,6,7,12.51,22,1125
"193",2,1,1,6,6,28.85,47,2580
"194",4,2,2,5,7,58.16,9,5998
"195",7,3,5,14,14,111.67,13,14800
"196",2,2,3,2,6,39.4,35,3900
"197",3,2,2,4,7,36.95,41,3298
"198",2,2,2,3,7,28.06,32,1958
"199",3,2,2,7,7,41.05,44,3980
"200",3,1,1,3,5,21.86,18,2380
"201",NA,NA,NA,7,14,97.19,6,11800
"202",1,2,3,4,38,155.08,4,21800
"203",4,2,3,12,23,97.31,2,12138
"204",4,2,3,15,23,98.23,3,13228
"205",3,2,2,2,6,38.97,41,3730
"206",3,2,2,5,7,26.73,35,2650
"207",3,2,2,9,12,48.12,38,3480
"208",4,2,2,2,7,53.68,45,5314
"209",4,2,2,9,15,51.89,28,4300
"210",3,2,2,4,14,45.07,39,4498
"211",3,2,2,5,7,26.74,35,2650
"212",4,3,3,6,6,50,39,5980
"213",4,2,2,5,7,58.17,8,5998
"214",2,2,2,7,7,50.09,41,4760
"215",1,1,2,4,12,33.67,38,2670
"216",NA,NA,NA,7,14,97.19,3,11800
"217",4,2,2,13,19,112.77,5,13580
"218",2,2,2,4,14,56.19,37,6180
"219",3,2,2,2,7,37.01,32,2800
"220",1,1,1,2,12,12.73,9,1386
"221",4,2,2,21,23,97.31,1,12888
"222",3,2,2,10,14,60.1,11,3900
"223",5,2,2,7,12,66.7,35,7600
"224",4,2,3,15,21,90.52,36,11020
"225",4,2,2,7,10,66.62,22,7980
"226",3,2,2,7,8,70.18,23,8800
"227",3,2,3,7,19,89.34,2,9380
"228",2,2,2,8,14,35.52,6,3680
"229",4,2,2,6,7,90.17,9,11500
"230",3,2,2,2,12,31.95,32,2210
"231",4,2,3,10,15,105.44,6,14600
"232",3,2,2,6,7,37.04,41,3880
"233",2,2,2,4,14,56.19,37,6180
"234",4,3,4,6,6,32.41,33,4200
"235",3,2,2,2,7,31.95,35,2555
"236",2,2,2,4,9,70.4,5,7980
"237",2,2,1,5,8,39.77,23,4080
"238",2,2,2,6,6,32.41,33,4200
"239",3,2,2,5,12,39.84,41,3888
"240",4,2,2,2,7,53.68,45,5888
"241",1,1,1,4,12,11.87,13,1258
"242",NA,NA,NA,4,38,121.47,4,21800
"243",3,2,2,7,7,41.05,44,3880
"244",3,2,2,4,12,58.61,32,4980
"245",1,1,1,5,12,11.6,14,1380
"246",1,1,1,2,12,10,14,1150
"247",2,2,1,4,5,17.68,41,1888
"248",4,2,2,5,6,65.36,28,6800
"249",4,2,2,2,7,76.46,28,8180
"250",2,2,2,3,7,28.06,32,1958
"251",3,2,2,4,7,36.95,39,3298
"252",3,2,2,13,13,61.35,28,6880
"253",3,2,2,14,18,60.9,21,6800
"254",4,2,2,11,15,65.37,10,7180
"255",3,2,2,7,12,65.24,1,7980
"256",NA,NA,NA,6,14,18.96,11,2380
"257",3,2,3,7,17,71.9,27,6980
"258",3,2,2,6,7,38.72,36,3580
"259",2,1,1,14,14,16.25,37,1980
"260",1,1,1,3,12,13.47,22,1340
"261",3,2,2,9,11,30.53,37,2780
"262",3,2,2,9,11,34.45,36,2400
"263",4,3,3,7,7,41.38,40,4550
"264",NA,NA,NA,3,7,37.84,39,3200
"265",3,2,2,3,7,53.69,9,5980
"266",3,2,2,4,14,45.08,37,4498
"267",2,2,1,12,12,18.14,34,2138
"268",3,2,2,3,12,86.58,4,5468
"269",3,3,3,20,24,57.68,34,5380
"270",4,2,2,6,7,56.5,35,4980
"271",4,2,2,11,23,82.31,2,11988
"272",4,2,2,5,13,69.59,18,7600
"273",4,2,4,6,6,99.67,8,12000
"274",2,2,2,2,6,22.86,34,1998
"275",2,1,1,5,8,23.62,22,1580
"276",3,2,2,5,7,26.74,34,2650
"277",3,2,2,2,14,39.02,36,3800
"278",1,1,1,2,38,36.91,37,3398
"279",3,2,2,7,7,33.54,35,3188
"280",3,2,3,2,7,75.31,30,8088
"281",2,2,1,10,14,27.08,31,2812
"282",2,2,2,2,6,22.86,37,1998
"283",4,2,2,2,25,58.29,1,5918
"284",4,3,2,7,7,37.72,38,4980
"285",3,2,2,13,14,60.39,4,7200
"286",4,2,2,4,12,50.5,31,6600
"287",3,1,1,3,5,21.8,21,2380
"288",3,2,2,2,12,31.95,32,2210
"289",3,2,2,13,14,63.63,17,6988
"290",3,2,2,3,7,43.88,39,4380
"291",2,1,2,7,12,44.16,45,4680
"292",3,2,2,3,14,65.3,30,10900
"293",4,2,2,5,7,39.3,37,3138
"294",4,2,2,12,19,86.45,5,12600
"295",3,2,1,11,13,79.08,41,8200
"296",2,2,1,2,5,25.11,22,2650
"297",2,2,1,4,6,20.67,24,2150
"298",1,1,1,11,12,12.43,8,1580
"299",2,2,1,7,7,15.52,39,1699
"300",2,2,2,2,12,30.43,9,4380
"301",1,1,1,14,16,15.01,37,1628
"302",2,3,3,2,6,39.41,34,3900
"303",8,3,5,14,14,111.67,13,14800
"304",2,2,2,2,6,45.4,9,4120
"305",3,2,2,13,14,60.39,4,7200
"306",4,2,3,4,7,52.71,47,5499
"307",3,2,2,2,7,37.01,34,2800
"308",3,2,2,7,12,40,34,4200
"309",3,2,2,3,14,31.74,30,3098
"310",3,2,2,10,12,41.93,43,4468
"311",4,2,2,6,7,87.31,6,11500
"312",2,1,1,7,7,15.52,39,1699
"313",7,2,5,7,7,131.58,41,15800
"314",3,2,2,9,11,34.45,36,2400
"315",3,2,2,3,7,39,39,3380
"316",4,2,2,1,7,47.07,32,3580
"317",2,2,4,6,7,81.39,7,8300
"318",4,2,2,4,7,36.94,39,3300
"319",2,2,2,4,7,50.66,11,5680
"320",2,2,2,4,14,56.19,38,6498
"321",3,2,2,9,12,41.47,42,5880
"322",1,1,1,6,9,27.35,10,2480
"323",3,2,2,4,26,69.83,27,4850
"324",NA,NA,NA,5,14,73.28,6,8300
"325",1,1,1,4,11,12.7,35,1398
"326",4,2,2,5,6,42.49,41,4250
"327",2,2,2,2,6,22.86,34,1998
"328",4,2,1,3,7,21.86,22,2480
"329",4,2,2,5,7,39.3,37,3138
"330",4,2,2,3,12,47.22,36,4180
"331",3,2,1,10,19,30.99,32,2580
"332",3,2,2,5,20,74.32,0,9990
"333",4,2,2,13,19,112.77,5,13580
"334",3,2,2,5,7,53.15,31,4350
"335",2,2,1,6,7,19.37,31,1980
"336",NA,NA,NA,2,7,8.92,9,1160
"337",4,2,2,4,6,53.3,30,4800
"338",3,2,2,3,15,75,29,10500
"339",3,2,2,3,7,38,39,3380
"340",3,2,2,1,6,41.28,35,5500
"341",5,2,5,7,7,34.02,34,3498
"342",3,2,2,7,7,41.04,39,3880
"343",2,2,1,4,6,20.67,23,2150
"344",3,2,2,4,7,36.95,39,3298
"345",2,1,1,3,7,20.14,50,1988
"346",1,1,1,4,7,17.64,9,1888
"347",NA,NA,NA,7,12,27.31,31,2425
"348",3,1,1,3,5,21.86,21,2380
"349",2,2,1,4,7,26.63,11,3580
"350",1,1,1,2,5,12.98,8,1550
"351",7,3,5,14,14,111.67,13,14800
"352",3,1,2,1,7,34.9,36,5250
"353",3,2,3,7,17,71.93,28,6980
"354",1,1,1,25,26,14.54,27,1380
"355",3,2,3,3,15,82.39,1,8760
"356",3,2,2,10,12,41.93,43,4468
"357",4,2,2,6,13,94.76,13,9360
"358",4,2,2,8,27,60.08,27,4850
"359",NA,NA,NA,1,6,19.12,10,2588
"360",3,2,2,9,11,34.45,36,2400
"361",3,2,2,2,7,70.96,4,6260
"362",4,2,2,6,14,43,40,6288
"363",3,1,1,12,17,30.54,33,2588
"364",4,2,2,3,10,40.62,8,3998
"365",3,2,2,5,7,32.36,42,3188
"366",1,1,1,4,5,15.1,8,1780
"367",NA,NA,NA,3,11,39.5,39,3088
"368",NA,NA,NA,7,14,97.19,3,11800
"369",3,2,2,6,9,30.39,6,3550
"370",3,2,2,10,12,69.98,11,6988
"371",2,2,1,7,7,15.52,39,1699
"372",NA,NA,NA,7,14,12.19,0,1808
"373",4,2,3,4,7,52.63,41,5180
"374",1,2,2,12,12,36.91,14,2680
"375",3,2,2,17,19,34.66,33,3288
"376",2,2,2,3,7,28.06,32,1958
"377",3,2,2,3,7,33.52,33,3350
"378",4,2,2,2,25,58.29,1,5918
"379",1,1,1,7,14,15,12,1498
"380",3,2,2,4,12,35.75,42,2480
"381",3,2,2,4,12,35.75,42,2480
"382",4,2,2,4,12,50.51,31,6600
"383",NA,NA,NA,12,12,20.28,37,1950
"384",3,2,2,5,12,44.01,37,4988
"385",3,2,2,5,7,62.8,13,7888
"386",1,1,1,4,12,15.5,41,1980
"387",3,2,1,4,7,24.95,36,2638
"388",NA,NA,NA,7,14,97.19,5,11880
"389",3,2,2,11,12,86.58,4,6660
"390",4,2,2,4,14,69.58,18,7800
"391",1,1,1,6,9,27.35,10,2480
"392",3,2,1,1,14,29.14,30,2480
"393",1,1,1,5,14,11.93,38,1268
"394",3,2,2,3,14,75.05,30,10900
"395",4,2,2,7,7,30.5,39,2800
"396",1,1,1,6,14,18.95,11,2380
"397",2,2,1,6,14,27.83,30,2558
"398",2,2,2,12,12,56.17,36,3370
"399",5,2,5,10,38,156.09,3,27300
"400",4,2,3,15,23,113.23,2,13228
"401",4,2,2,2,8,58.96,13,5833
"402",1,1,1,7,7,59.2,34,4800
"403",3,2,2,3,7,41.38,41,4180
"404",3,2,2,5,7,59.46,11,6800
"405",3,2,2,11,12,35.63,31,2498
"406",3,2,2,2,7,49.99,35,2980
"407",4,2,2,6,12,57.3,35,5099
"408",3,2,3,7,17,71.93,28,6988
"409",2,2,1,2,5,25.11,22,2650
"410",5,2,3,1,6,60.83,33,5880
"411",3,2,2,5,7,58.16,9,5998
"412",2,2,1,5,8,23.62,22,1580
"413",3,2,2,10,12,41.93,43,4468
"414",2,1,1,11,14,59.27,3,7180
"415",2,2,2,4,14,56.19,38,6180
"416",2,2,1,4,6,20.67,26,2150
"417",4,3,4,7,13,116.36,9,13800
"418",2,2,2,9,12,86.58,2,7800
"419",1,1,1,2,7,17.44,9,1800
"420",3,2,2,14,17,30.24,39,3480
"421",3,2,2,5,7,26.74,35,2650
"422",2,2,1,19,26,27.35,27,2688
"423",3,1,1,3,5,21.86,21,2380
"424",5,1,1,11,13,79.08,40,7600
"425",3,2,3,8,16,90.12,3,12588
"426",4,2,3,5,11,86.61,7,12688
"427",4,2,3,6,25,111.52,29,9800
"428",3,2,2,3,7,41.93,45,4288
"429",1,1,1,4,7,17.64,9,1888
"430",3,2,2,2,7,37.01,31,2800
"431",NA,NA,NA,3,11,39.48,39,3288
"432",2,2,2,2,6,22.86,34,1998
"433",3,2,3,3,15,82.39,1,8760
"434",2,2,2,6,7,29.15,40,2780
"435",3,2,2,10,16,54.39,22,4800
"436",3,2,2,6,7,50.8,45,5500
"437",5,2,4,3,13,169.26,10,30238
"438",2,2,2,3,7,28.06,32,1958
"439",3,2,3,2,7,73.16,8,7500
"440",NA,NA,NA,10,23,82.3,1,11050
"441",1,1,1,14,14,11.02,7,1288
"442",4,2,2,4,7,36.95,39,3298
"443",NA,NA,NA,25,26,14.54,28,1380
"444",3,2,2,5,7,26.74,35,2650
"445",4,2,3,5,7,100.82,8,10900
"446",4,2,2,7,12,66.7,35,7600
"447",4,2,2,2,7,71.68,10,7680
"448",3,2,2,3,12,40.99,31,2980
"449",4,2,2,5,7,58.17,8,5998
"450",2,1,1,3,11,26.59,13,2800
"451",4,2,2,6,7,48.23,42,4988
"452",1,1,1,2,7,12.14,27,1198
"453",5,2,2,3,15,72.99,43,9300
"454",2,2,2,8,14,35.52,6,3680
"455",3,2,2,3,15,60.06,38,4688
"456",4,3,4,10,16,144.85,3,15000
"457",3,2,2,7,15,38.77,45,4680
"458",4,2,2,2,7,71.68,10,7600
"459",NA,NA,NA,22,23,82.3,1,12060
"460",3,2,2,6,7,33.79,36,2980
"461",3,2,1,3,15,60.06,38,4688
"462",2,2,1,4,12,17.5,47,1980
"463",4,2,3,15,23,113.23,2,16998
"464",2,2,1,4,12,17.5,47,1980
"465",2,2,2,8,12,49.43,40,5980
"466",4,2,2,2,8,58.96,13,5833
"467",3,2,3,3,15,72.99,3,8760
"468",3,2,2,6,7,33.79,36,2980
"469",2,2,1,4,12,17.5,47,1980
"470",4,2,2,5,7,26.74,35,2650
"471",3,2,2,2,7,40.93,32,3980
"472",3,2,2,5,7,38.14,38,3815
"473",4,2,2,6,6,50,42,4550
"474",4,2,2,6,7,38.73,38,3588
"475",4,2,2,9,15,51.89,28,4300
"476",4,2,2,4,12,50.51,31,6600
"477",3,2,2,5,7,26.74,35,2650
"478",2,2,1,10,12,28.48,29,2220
"479",5,3,4,22,25,126.05,28,12000
"480",1,1,1,10,12,27.99,11,2580
"481",3,1,1,3,7,20.14,49,1988
"482",5,2,3,1,6,60.83,33,5880
"483",3,2,2,3,14,75.05,30,10900
"484",3,2,2,8,12,44.57,31,5705
"485",6,1,6,7,7,38.5,36,3600
"486",NA,NA,NA,8,12,28.69,7,2998
"487",2,2,1,3,7,20.14,50,1988
"488",3,2,2,9,14,55.17,0,4680
"489",2,2,2,8,19,85.75,14,6600
"490",4,2,2,4,12,50.51,31,6600
"491",2,2,2,3,7,28.06,32,1958
"492",4,2,2,13,19,112.7,5,13580
"493",4,2,2,5,7,73.98,7,6998
"494",3,2,2,6,7,42.09,39,3499
"495",3,2,2,5,20,74.32,1,9990
"496",4,2,2,4,5,33.5,40,2998
"497",4,2,3,11,23,97.31,2,10988
"498",3,2,2,3,7,38.81,40,3380
"499",3,2,2,2,7,39.63,38,3980
"500",3,2,2,5,7,53.14,31,4350
"501",2,2,2,2,6,22.86,34,1998
"502",3,2,1,6,10,23.03,15,2188
"503",3,2,2,3,12,45.6,45,4920
"504",2,1,1,8,14,22.33,10,2380
"505",4,2,2,5,7,39.3,37,3138
"506",2,2,2,3,7,28.06,32,1958
"507",4,2,2,2,8,58.95,13,5833
"508",4,2,3,7,23,113.23,2,14988
"509",2,2,1,5,10,26.32,31,2800
"510",3,2,2,2,7,39.63,36,3980
"511",4,2,1,8,16,36.04,36,3488
"512",2,1,1,8,13,36.72,8,2680
"513",3,2,2,5,7,40.93,6,3988
"514",7,3,4,13,14,114.76,28,10800
"515",3,2,2,9,11,34.45,36,2400
"516",1,1,1,25,26,14.54,28,1380
"517",4,3,3,7,7,28.2,35,3520
"518",3,2,2,2,7,53.67,45,5314
"519",3,2,2,6,6,30.65,36,3980
"520",4,2,2,5,7,39.3,37,3138
"521",4,2,2,12,14,39.27,39,3888
"522",4,2,2,5,7,73.98,7,6998
"523",NA,NA,NA,4,9,18.41,30,1888
"524",2,2,1,12,14,26.97,10,3950
"525",2,1,2,3,6,11.17,14,1495
"526",1,1,1,7,12,13.58,36,1298
"527",3,2,2,5,12,35.12,32,3360
"528",2,2,2,8,19,85.75,14,6600
"529",4,2,2,5,13,80.73,6,6500
"530",3,2,1,3,7,51.74,39,5170
"531",3,2,3,3,15,72.99,3,8760
"532",2,2,2,4,14,56.19,37,6180
"533",4,2,2,4,12,50.51,31,6600
"534",4,2,3,6,25,111.52,28,9800
"535",4,4,4,6,6,32.41,33,4200
"536",2,2,1,5,7,18.87,36,2180
"537",2,2,1,12,12,35.51,14,2380
"538",2,1,1,9,9,9.14,14,1288
"539",3,2,2,5,7,59.46,10,6800
"540",1,1,1,2,12,12.73,8,1386
"541",3,2,2,10,14,60.09,12,3900
"542",2,1,1,3,7,20.14,49,1988
"543",3,2,2,7,7,46.38,31,4980
"544",4,2,2,3,12,47.22,36,4180
"545",4,2,3,8,15,82.3,2,9680
"546",4,2,2,2,7,76.46,28,8180
"547",2,1,2,7,12,44.16,45,5000
"548",3,2,2,10,16,54.39,22,4800
"549",2,2,2,7,12,34.01,40,3080
"550",NA,NA,NA,7,7,46.98,34,4800
"551",3,2,3,11,16,126.46,12,15800
"552",4,2,2,4,7,57.9,36,4980
"553",1,1,1,2,8,10.14,10,1248
"554",3,2,2,7,12,39.67,34,4200
"555",NA,NA,NA,1,6,19.12,10,2588
"556",1,1,1,2,6,24.27,3,2188
"557",4,2,3,8,15,82.3,2,9680
"558",4,2,2,6,7,90.17,8,11500
"559",3,2,2,4,7,31.9,33,2680
"560",3,2,2,3,7,41.38,42,4180
"561",1,1,1,4,6,18.16,17,2280
"562",1,1,1,5,11,10.78,12,1730
"563",3,2,2,14,17,30.24,39,3480
"564",3,1,1,3,7,20.14,39,1988
"565",5,2,2,2,7,71.68,10,7600
"566",2,2,1,4,6,20.67,23,2150
"567",3,2,2,8,15,37.11,36,3500
"568",3,2,2,14,17,30.24,39,3480
"569",3,2,2,7,7,27,49,2730
"570",3,2,1,12,17,30.54,34,2588
"571",4,2,2,3,7,46.37,30,4200
"572",5,2,2,2,7,76.46,28,8180
"573",2,2,3,7,7,100.08,12,14500
"574",3,2,2,3,12,40.99,31,2980
"575",4,2,2,2,25,58.29,2,5700
"576",3,2,2,5,20,74.31,1,9990
"577",4,2,2,13,19,112.77,5,13580
"578",3,2,2,4,14,33.41,31,2970
"579",3,2,2,2,12,31.95,32,2210
"580",3,2,2,11,12,35.63,32,2498
"581",4,2,2,4,7,36.9,38,3300
"582",3,2,2,5,20,74.32,0,9990
"583",4,2,2,4,12,50.51,31,6600
"584",3,2,2,5,20,74.32,0,9990
"585",3,2,2,14,17,30.23,40,3480
"586",3,2,2,10,16,54.38,23,4800
"587",3,2,1,12,17,30.54,33,2588
"588",3,1,2,14,14,44.54,36,5428
"589",4,2,2,5,7,39.3,37,3138
"590",2,2,1,8,11,19.5,34,2250
"591",NA,NA,NA,1,7,40.71,40,11000
"592",1,2,1,8,12,18.03,41,1900
"593",3,1,1,3,7,53.69,9,5980
"594",3,2,4,12,16,210.25,2,24760
"595",4,2,3,5,11,123.22,7,12688
"596",3,2,2,3,7,33.52,37,3350
"597",2,1,2,3,6,11.17,14,1495
"598",NA,NA,NA,25,26,14.54,28,1380
"599",3,2,2,3,12,86.58,4,5468
"600",2,2,2,4,14,56.19,38,6180
"601",3,2,3,11,16,126.46,15,15800
"602",1,1,1,14,14,25.34,9,3480
"603",4,2,3,10,15,105.44,6,14600
"604",2,2,1,8,11,19.5,33,2250
"605",4,2,2,5,7,39.3,37,3138
"606",3,2,2,11,14,59.27,3,7180
"607",2,2,2,7,7,100.07,12,14500
"608",4,2,2,5,9,65.92,16,8000
"609",3,1,1,3,7,20.14,49,1988
"610",3,2,2,7,13,84.06,6,6870
"611",2,1,1,7,7,15.52,39,1699
"612",3,2,2,11,12,86.58,4,6660
"613",4,2,2,6,7,43.76,42,4455
"614",3,2,1,8,17,33.36,33,2580
"615",3,2,2,8,15,37.11,36,3500
"616",2,1,2,7,12,44.16,45,4680
"617",3,2,2,1,7,34.9,35,5250
"618",1,1,1,12,14,8.04,39,990
"619",4,2,2,4,12,50.51,31,6600
"620",3,2,2,8,12,82.46,4,9600
"621",4,2,2,7,10,66.62,23,7980
"622",4,2,3,2,11,101.64,5,11500
"623",2,2,2,4,14,56.19,38,6180
"624",2,2,1,8,12,18.03,41,1900
"625",4,2,2,5,7,58.17,8,5998
"626",4,2,2,3,16,45.12,22,4285
"627",4,2,2,9,15,51.89,28,4300
"628",2,2,1,12,12,35.51,13,2480
"629",4,2,2,4,12,50.51,31,6600
"630",4,2,3,9,12,41.48,42,5900
"631",3,2,2,3,7,43.87,39,4380
"632",3,2,2,5,12,32.76,37,2688
"633",4,2,3,10,23,82.3,2,10999
"634",3,2,2,12,23,81.25,1,9880
"635",4,2,2,5,6,65.2,28,6800
"636",4,2,2,7,13,79.86,3,6870
"637",4,2,2,5,12,63.1,47,6888
"638",4,2,2,4,6,53.29,31,4800
"639",3,2,2,4,12,47.81,31,4980
"640",4,2,3,15,23,98.24,2,13228
"641",2,2,2,2,6,22.86,37,1998
"642",1,1,1,4,7,17.37,9,1730
"643",3,2,2,6,7,42.09,39,3499
"644",NA,NA,NA,12,12,20.28,37,1950
"645",3,2,2,9,12,35,31,3500
"646",3,2,2,11,14,44.26,3,7180
"647",2,2,2,2,6,22.86,34,1998
"648",3,2,2,5,14,34.1,31,2750
"649",1,1,1,2,9,13,18,1498
"650",4,2,2,10,10,40.98,34,1638
"651",NA,NA,NA,2,5,12.4,17,1080
"652",3,1,1,3,7,20.1,49,1988
"653",3,2,3,15,15,71.5,1,8500
"654",1,1,1,5,7,14.57,9,1580
"655",5,2,2,7,17,80.8,31,11800
"656",1,1,1,4,7,17.64,9,1888
"657",4,2,2,1,6,61.22,18,6800
"658",3,1,1,3,7,20.15,49,1988
"659",3,2,2,4,12,86.6,4,5538
"660",3,2,2,7,7,33.54,35,3188
"661",1,1,1,8,14,10.65,9,1270
"662",3,2,2,2,7,40.98,36,3488
"663",4,2,2,4,7,52.63,40,5180
"664",3,2,2,5,7,53.15,31,4350
"665",4,2,2,2,17,58.49,32,6350
"666",1,1,1,4,5,15.1,8,1780
"667",4,1,1,8,13,50.45,10,6800
"668",3,2,2,6,7,38.72,35,3580
"669",4,2,2,6,13,94.76,13,9360
"670",3,2,2,13,14,60.39,3,7088
"671",4,3,4,10,16,144.8,3,15000
"672",2,3,3,6,7,81.39,7,7880
"673",3,2,2,5,7,34.16,37,2250
"674",1,1,1,4,11,12.7,35,1398
"675",3,2,2,2,7,37.01,34,2800
"676",4,2,2,5,7,39.3,37,3138
"677",4,2,2,5,9,65.9,16,8000
"678",2,2,2,4,14,56.19,37,6180
"679",2,2,1,7,10,42.72,9,4580
"680",2,2,2,4,7,50.65,12,5300
"681",4,2,2,5,7,39.3,37,3138
"682",2,1,2,7,12,44.16,45,4680
"683",3,2,2,6,7,28.6,41,2580
"684",4,2,2,3,12,47.22,36,4180
"685",1,1,1,2,15,17.87,39,1588
"686",3,2,2,9,11,34.45,36,2400
"687",3,2,2,2,7,39.63,38,3980
"688",4,2,2,4,7,52.63,41,5180
"689",1,2,3,4,38,121.47,4,21800
"690",3,2,2,11,12,36.6,34,2680
"691",2,2,1,2,6,22.59,45,2188
"692",3,2,2,7,7,41.04,39,3880
"693",1,2,1,9,14,20.8,9,2450
"694",1,1,1,6,7,20.19,5,2520
"695",4,2,3,5,6,57.27,45,5800
"696",4,2,2,5,7,58.17,9,6350
"697",2,1,1,9,9,9.14,14,1288
"698",2,2,2,2,6,22.8,34,1998
"699",3,2,1,5,12,45.54,34,3980
"700",3,2,3,2,7,73.16,8,7500
"701",4,2,2,2,7,71.69,11,7600
"702",4,2,2,2,8,58.96,13,5833
"703",3,2,1,11,13,79.08,41,8200
"704",2,2,1,5,7,18.86,36,2180
"705",2,2,1,12,12,35.5,14,2380
"706",4,2,3,6,13,64.77,40,6180
"707",2,2,1,3,7,20.14,50,1988
"708",6,6,6,3,7,47.96,31,4588
"709",3,2,2,4,14,45.07,39,4498
"710",NA,NA,NA,4,12,33.67,38,2670
"711",1,1,1,10,12,27.9,11,2580
"712",2,1,1,6,7,21.5,30,2130
"713",3,2,2,3,7,38.82,40,3380
"714",4,2,2,10,25,79.24,29,7800
"715",5,2,3,2,14,136.02,40,15700
"716",NA,NA,NA,7,14,97.19,4,12280
"717",3,2,2,10,14,60.1,12,3900
"718",1,1,1,10,11,17.64,49,2280
"719",1,1,1,7,12,17.67,40,1766
"720",3,2,1,6,10,23.03,15,2188
"721",4,2,2,2,11,96.93,7,9998
"722",2,1,1,2,7,24.16,3,1980
"723",3,2,2,4,14,45.07,39,4800
"724",3,2,2,7,12,65.24,0,7980
"725",2,1,1,14,14,16.25,38,1980
"726",4,2,3,15,23,113.23,2,16998
"727",3,2,1,12,17,30.54,33,2588
"728",1,1,1,4,12,15.5,41,1980
"729",4,2,3,6,20,85.06,0,12450
"730",2,2,1,6,12,22.3,36,1980
"731",4,2,2,3,16,45,22,4285
"732",3,2,1,3,7,20.15,49,1988
"733",3,2,2,9,11,36.8,41,3260
"734",4,2,3,3,15,82.39,1,9000
"735",3,2,1,9,11,20.98,19,2500
"736",1,1,1,2,9,13,18,1498
"737",4,2,3,15,21,90.52,36,11020
"738",3,2,2,1,6,41.27,35,5500
"739",3,2,1,3,7,20.14,50,1988
"740",4,3,4,NA,NA,32.41,33,4200
"741",3,2,2,11,14,59.27,2,7180
"742",4,2,2,2,25,58.29,1,5918
"743",3,2,2,8,12,44.57,30,5705
"744",3,2,2,9,11,30.53,37,2780
"745",NA,NA,NA,4,8,18.57,8,1980
"746",4,2,2,7,7,100.07,10,14500
"747",3,2,2,4,8,38.55,12,4250
"748",4,2,2,11,16,49.97,37,4088
"749",2,1,1,7,10,13,12,1688
"750",NA,NA,NA,4,38,155.06,3,21800
"751",4,2,2,4,12,50.51,32,6600
"752",NA,NA,NA,10,13,17.08,10,2605
"753",3,2,1,3,7,20.14,50,1988
"754",3,2,2,6,6,30.65,36,3980
"755",5,3,4,13,13,89.6,9,9800
"756",4,2,2,5,7,58.17,8,5998
"757",3,2,2,5,7,34.15,37,2250
"758",NA,NA,NA,2,7,50.18,35,4918
"759",2,2,1,6,13,23.68,23,2668
"760",NA,NA,NA,12,12,20.28,37,1950
"761",2,2,2,8,12,49.43,40,5980
"762",3,1,1,3,7,53.69,9,5980
"763",2,1,1,6,7,19.18,7,2488
"764",4,2,2,6,7,48.23,42,4988
"765",2,1,1,3,7,20.14,50,1988
"766",2,1,1,3,7,20.14,50,1988
"767",3,2,2,3,14,65.3,30,10900
"768",4,2,2,4,6,53.29,32,4800
"769",2,1,1,2,7,24.17,3,2160
"770",4,2,2,3,7,49.06,41,4500
"771",3,2,2,3,7,33.51,38,3350
"772",3,2,2,3,25,67.54,28,8380
"773",2,2,2,8,12,49.41,39,5980
"774",1,1,1,8,14,10.65,9,1270
"775",5,2,2,3,7,59.28,35,6278
"776",2,3,3,13,16,54,35,4880
"777",3,2,2,5,7,26.74,35,2650
"778",1,2,3,4,38,155.07,4,21800
"779",4,2,2,6,6,50,42,4550
"780",4,2,3,22,23,96.7,0,12060
"781",3,2,3,3,25,79.53,26,8380
"782",1,1,1,7,12,17.67,41,1766
"783",5,2,2,7,12,66.7,35,7600
"784",1,1,1,14,14,29.08,10,3680
"785",3,2,2,8,15,37.12,35,3500
"786",4,2,3,10,15,105.43,6,14600
"787",2,2,1,2,11,17.17,14,2080
"788",2,2,3,6,7,81.39,8,7880
"789",1,1,1,6,7,10.75,9,1268
"790",4,2,3,2,7,92.07,7,7500
"791",3,2,2,10,12,69.97,11,6988
"792",2,1,1,5,12,21.07,19,1668
"793",4,2,3,2,7,92.07,7,7500
"794",3,2,3,7,17,71.93,28,6988
"795",4,2,2,3,7,52.71,47,5598
"796",2,2,1,5,8,39.77,23,4080
"797",2,2,1,6,7,21.5,30,2130
"798",NA,NA,NA,3,7,48.74,37,4630
"799",4,2,3,15,23,113.24,2,13228
"800",4,2,2,22,23,97.31,2,12060
"801",2,1,1,7,7,15.52,39,1699
"802",1,1,1,7,11,13.58,35,1298
"803",3,2,2,13,14,60.4,3,7200
"804",3,2,1,5,7,49.47,33,4800
"805",3,2,2,7,7,36.1,31,3230
"806",2,2,1,2,5,25.11,22,2650
"807",3,2,1,3,7,51.74,38,5170
"808",4,2,3,3,7,52.8,40,6580
"809",3,2,2,2,7,37.01,35,2800
"810",4,2,2,4,12,50.51,31,6600
"811",2,2,1,3,7,20.14,50,1988
"812",3,2,1,11,13,79.08,41,8200
"813",3,2,2,3,14,31.74,30,3098
"814",2,2,2,8,14,35.52,4,3680
"815",1,1,1,6,9,27.35,10,2480
"816",2,2,1,4,6,20.67,23,2150
"817",4,2,3,15,21,90.52,36,11020
"818",3,2,2,2,12,31.95,32,2210
"819",4,4,4,6,6,32.41,33,4200
"820",3,2,2,13,38,60.4,3,7088
"821",3,2,2,4,12,58.62,31,4980
"822",3,2,2,9,11,34.45,36,2400
"823",5,2,2,3,15,72.99,43,9300
"824",2,2,2,4,7,50.66,12,5680
"825",3,2,2,7,12,65.24,1,7980
"826",4,2,4,2,13,151.98,9,15588
"827",4,2,2,2,13,86.68,6,5280
"828",4,2,3,10,23,89.5,0,10588
"829",4,2,3,8,23,96.7,0,10160
"830",4,2,2,2,11,96.93,7,9998
"831",4,2,3,6,23,96.7,0,9888
"832",4,2,2,4,7,52.71,47,5499
"833",3,2,2,5,7,53.15,32,4350
"834",2,1,1,7,7,15.52,39,1699
"835",3,2,2,3,7,38.82,40,3380
"836",3,2,1,12,17,30.55,33,2588
"837",4,3,4,10,16,144.85,3,15000
"838",6,4,3,24,26,158.31,29,18880
"839",4,2,3,15,23,113.24,2,13288
"840",NA,NA,NA,7,14,97.19,6,12280
"841",3,2,2,8,16,31.69,36,3100
"842",NA,NA,NA,8,12,28.7,7,2998
"843",2,2,2,8,19,85.48,14,6600
"844",3,2,2,5,12,35.12,32,3360
"845",5,3,2,9,9,51.88,16,5600
"846",4,2,2,2,12,43.37,29,4180
"847",4,2,2,6,7,90.17,8,12000
"848",2,2,2,7,7,50.08,41,4760
"849",2,2,1,7,7,17.09,30,1680
"850",3,1,3,7,7,31.91,39,2988
"851",2,2,2,6,12,34.67,36,2850
"852",2,2,2,3,7,28.06,32,1958
"853",1,1,1,7,12,17.67,40,1766
"854",1,1,1,6,7,9.64,22,930
"855",3,2,2,5,20,74.32,0,9990
"856",3,2,2,2,7,39.63,38,3980
"857",3,2,2,10,12,86.58,4,6880
"858",3,2,2,10,12,41.93,43,4468
"859",4,2,2,5,7,58.17,8,5998
"860",4,2,3,2,11,101.63,5,11500
"861",6,2,2,14,14,89.31,36,10680
"862",NA,NA,NA,10,38,189.67,3,28500
"863",2,2,2,4,14,56.19,38,6180
"864",4,2,2,2,7,100.81,8,9999
"865",5,2,2,3,15,72.99,43,9300
"866",3,2,2,4,14,33.41,31,2970
"867",4,2,2,6,14,54.22,35,5388
"868",3,2,2,9,12,48.12,38,3480
"869",1,1,1,7,12,11.71,30,1280
"870",3,2,1,7,12,34.01,40,3080
"871",3,2,2,5,7,34.15,37,2250
"872",3,2,2,3,7,53.69,9,5980
"873",4,2,2,4,14,69.58,17,7800
"874",2,1,1,2,11,21.76,12,2917
"875",3,2,2,3,7,31.93,47,2518
"876",3,2,2,3,12,86,5,5468
"877",3,2,2,6,12,57.3,37,5099
"878",2,2,2,2,6,22.86,37,1998
"879",3,2,2,8,12,44.58,30,5705
"880",4,2,2,4,6,53.29,30,4800
"881",1,1,1,6,7,10,21,930
"882",2,2,1,6,7,24,31,2398
"883",2,2,1,7,15,42.38,1,4500
"884",2,2,2,12,12,56.17,36,3336
"885",2,1,1,3,10,9.8,27,1188
"886",2,2,1,6,7,21.5,30,2130
"887",2,2,1,6,7,23.98,29,2398
"888",1,1,1,4,12,15.5,41,1980
"889",2,2,2,8,12,49.43,39,5980
"890",3,2,2,2,6,38.98,41,3730
"891",4,2,2,5,6,65.2,28,6800
"892",NA,NA,NA,5,12,12.95,40,1155
"893",2,2,2,8,19,85.75,14,6600
"894",4,2,2,6,7,90.16,8,11500
"895",4,2,2,2,8,80,30,8888
"896",4,2,3,9,23,82.3,2,9876
"897",2,2,1,6,14,54,0,5050
"898",4,2,2,3,12,47.22,36,4180
"899",4,2,2,5,7,62.8,13,7888
"900",3,2,2,5,7,26.74,35,2650
"901",2,2,1,5,11,22.47,40,2560
"902",1,1,1,3,7,21.52,3,1980
"903",3,2,2,7,14,71.13,36,6898
"904",3,2,2,5,12,44.01,40,4988
"905",2,2,1,6,7,19.37,32,1980
"906",4,2,2,7,12,43.63,31,4200
"907",3,2,2,4,26,69.83,27,4850
"908",2,1,1,6,7,19.18,7,2488
"909",3,2,2,3,7,41.92,45,4288
"910",4,2,2,1,7,68.93,38,6200
"911",3,2,2,5,7,36.33,33,3218
"912",3,2,2,5,12,44.02,40,4988
"913",2,2,2,6,15,64.65,7,7950
"914",2,2,1,5,7,18.86,37,2180
"915",3,2,2,5,7,26.74,35,2650
"916",3,2,2,9,12,35.6,31,3500
"917",3,2,2,5,12,35.12,32,3360
"918",1,1,1,4,12,11.87,12,1258
"919",3,2,2,2,7,37.01,34,2800
"920",4,2,2,7,7,30.5,39,2800
"921",3,2,2,9,12,35.92,30,3500
"922",3,2,2,20,25,76.52,1,8980
"923",4,2,2,4,7,36.94,38,3300
"924",4,2,2,2,25,58.29,1,5918
"925",NA,NA,NA,8,12,28.69,7,2998
"926",3,2,2,3,7,38.81,39,3380
"927",3,2,2,3,15,75.09,28,10500
"928",2,2,1,3,7,44.81,6,4998
"929",3,2,2,8,12,44.5,31,5705
"930",3,2,2,5,12,44.01,40,4988
"931",3,2,2,9,12,48.12,38,3480
"932",3,2,2,3,7,33.52,37,3350
"933",4,2,3,6,25,111.52,28,9800
"934",4,2,3,3,15,72.99,1,8760
"935",3,2,2,3,6,50.34,33,5800
"936",4,2,2,9,12,55.36,38,5880
"937",4,2,2,2,6,40.54,34,3366
"938",3,2,2,8,15,37.11,36,3500
"939",2,2,2,6,7,29.15,39,2880
"940",3,2,2,5,7,38.18,41,4380
"941",4,2,2,9,12,43.43,30,4300
"942",2,2,1,5,11,22.47,40,2460
"943",2,2,2,7,7,34.02,34,3498
"944",3,2,2,5,20,74.31,0,9990
"945",4,2,2,13,19,91.38,5,13580
"946",2,2,1,10,14,27.08,31,2812
"947",NA,NA,NA,2,6,11.5,32,1138
"948",3,2,2,4,26,69.83,27,4850
"949",1,2,2,12,12,34.62,37,3350
"950",3,2,2,10,14,60.1,12,3900
"951",4,2,2,4,7,59.09,33,3980
"952",4,2,2,11,15,65.37,10,7180
"953",3,2,2,4,7,45.84,32,3500
"954",3,2,2,7,12,49.96,20,6800
"955",1,2,2,12,12,34.62,37,3350
"956",2,2,1,6,13,23.68,23,2668
"957",2,2,2,8,12,49.43,39,5980
"958",NA,NA,NA,13,14,45.37,33,7200
"959",3,1,1,3,5,21.86,21,2380
"960",2,2,2,10,14,36.43,40,3278
"961",2,2,1,4,6,20.67,23,2150
"962",3,2,1,5,8,39.77,24,4080
"963",4,2,2,9,12,45.79,34,5200
"964",NA,NA,NA,3,6,24.26,4,1880
"965",4,2,2,3,5,70.28,17,7700
"966",4,2,2,6,7,90.17,6,11500
"967",2,2,2,8,19,85.75,14,6600
"968",4,3,2,3,7,81.71,34,7780
"969",4,2,2,2,13,86.66,8,5280
"970",2,2,2,4,7,47.28,31,4380
"971",4,2,2,5,6,55.07,28,6800
"972",2,2,2,7,7,38,30,5980
"973",1,1,1,6,8,18.67,9,1450
"974",2,2,1,6,7,21.5,30,2130
"975",2,3,3,6,6,44.62,39,4360
"976",3,2,2,17,17,39.05,33,3268
"977",4,2,2,2,10,41.82,27,4380
"978",NA,NA,NA,10,38,189.67,3,28500
"979",NA,NA,NA,6,20,85.06,0,12450
"980",2,2,1,9,12,25.5,35,2968
"981",4,2,2,7,12,66.7,35,7600
"982",3,2,2,8,12,44.5,31,3998
"983",2,1,1,10,11,10.17,19,1390
"984",3,2,1,12,17,30.54,33,2588
"985",3,2,1,4,12,24.02,41,2600
"986",3,2,2,9,11,30.53,37,2780
"987",1,1,1,4,5,15.15,23,1380
"988",2,2,2,8,19,85.75,14,6600
"989",4,2,2,7,7,90.17,8,11500
"990",2,1,1,7,12,16.76,40,2180
"991",4,3,1,11,13,79.07,41,7600
"992",4,2,2,11,15,47.53,38,3680
"993",1,1,1,5,14,12.41,9,1498
"994",3,2,2,3,7,39.17,37,3680
"995",1,1,1,2,9,11.73,18,1500
"996",4,2,2,11,15,65.37,10,7180
"997",2,2,2,7,12,49.96,20,6800
"998",4,2,2,5,6,42.49,39,4300
"999",5,2,4,2,9,105.95,14,16500
"1000",3,2,3,1,7,38.32,40,4368
"1001",4,2,2,13,19,112.77,5,13580
"1002",3,2,2,5,20,74.31,0,9990
"1003",3,2,2,10,12,41.93,43,4468
"1004",3,2,2,5,7,53.15,32,4350
"1005",3,2,3,3,15,72.99,2,8800
"1006",4,2,3,5,6,51.07,47,4880
"1007",1,1,1,14,14,22.33,8,3288
"1008",3,2,2,15,15,33.81,35,2498
"1009",2,2,2,4,7,34.16,37,2000
"1010",3,2,2,14,18,60.95,21,6800
"1011",5,2,5,10,38,189.68,3,28500
"1012",3,2,2,2,7,53.68,44,5314
"1013",2,2,1,7,15,42.38,1,4500
"1014",4,2,4,10,16,99.57,4,15000
"1015",NA,NA,NA,10,12,23.5,43,2450
"1016",3,1,1,3,5,21.86,21,2380
"1017",3,2,2,5,7,53.15,31,4350
"1018",3,2,2,4,26,69.83,28,4850
"1019",1,2,2,12,12,34.62,37,3350
"1020",4,2,3,5,6,51.07,47,4880
"1021",3,2,2,3,6,41,35,3895
"1022",4,2,2,6,7,56.49,35,4980
"1023",3,2,3,7,17,71.93,27,6980
"1024",4,2,2,2,25,58.29,2,5700
"1025",1,2,2,12,12,34.62,37,3350
"1026",2,2,2,2,6,22.8,34,1998
"1027",1,1,1,3,7,12.52,21,1248
"1028",3,2,2,4,14,69.58,18,7800
"1029",3,2,2,2,7,37.01,34,2800
"1030",3,2,2,4,26,69.83,28,4850
"1031",4,2,2,2,25,58.29,2,5700
"1032",1,2,2,12,12,34.62,38,3350
"1033",2,2,2,7,10,49.96,21,6800
"1034",3,2,3,7,17,71.93,28,6980
"1035",3,2,2,4,26,69.83,27,4850
"1036",3,2,2,7,7,46.38,31,4980
"1037",2,1,1,4,7,21.37,24,1680
"1038",4,2,2,6,7,38.73,36,3588
"1039",3,2,3,10,23,89.81,2,10588
"1040",2,2,1,8,14,31.37,40,2988
"1041",3,2,2,4,26,69.83,28,4850
"1042",3,2,2,4,7,45.84,32,3500
"1043",4,2,2,5,13,80.73,6,6800
"1044",4,2,2,10,16,67.6,36,5199
"1045",6,4,3,24,26,158.31,27,16899
"1046",4,3,4,22,25,126.06,28,12000
"1047",2,2,2,5,12,35,32,3190
"1048",4,2,2,2,7,40.74,35,3700
"1049",NA,NA,NA,6,12,22,37,2130
"1050",3,2,2,3,7,41.93,44,4288
"1051",2,1,1,8,14,40.86,37,3674
"1052",4,2,2,3,12,47.22,36,4180
"1053",3,2,2,13,38,60.39,3,7088
"1054",4,2,2,5,7,62.8,13,7888
"1055",4,2,2,7,7,46.38,31,4980
"1056",3,2,2,4,7,34.74,30,3280
"1057",2,2,1,5,8,23.61,23,1588
"1058",1,1,1,14,14,11.02,9,1288
"1059",3,2,2,4,16,43.9,32,4680
"1060",1,1,1,4,6,11.58,24,1080
"1061",2,1,1,3,5,19.6,11,1800
"1062",3,2,2,2,6,26.23,46,2480
"1063",3,1,1,12,12,21.6,41,2380
"1064",2,1,2,3,14,31.32,9,3150
"1065",4,2,2,6,14,54.22,36,5380
"1066",4,2,3,6,13,64.77,40,6180
"1067",4,2,1,3,6,22.85,32,2250
"1068",4,2,3,5,6,57.29,43,5800
"1069",3,2,2,1,7,33.76,45,5200
"1070",2,2,1,7,7,15.52,39,1699
"1071",3,2,2,5,7,43.06,34,3888
"1072",4,2,3,6,25,111.52,28,9800
"1073",5,3,5,3,13,328.8,22,30000
"1074",4,2,3,6,25,111.52,28,9800
"1075",4,2,3,2,11,101.63,4,11500
"1076",1,1,1,4,6,13.73,22,1720
"1077",3,2,2,13,38,60.39,3,7088
"1078",1,1,1,2,7,16.75,0,1728
"1079",4,2,2,3,12,47.22,127,4380
"1080",2,1,1,9,9,9.14,14,1288
"1081",4,2,2,2,27,60.41,27,4980
"1082",4,2,2,2,27,60.41,27,4980
"1083",3,2,3,23,23,97.3,2,13480
"1084",2,2,1,7,7,15.52,39,1699
"1085",3,2,2,7,7,46.38,31,5100
"1086",3,2,2,9,12,35.6,31,3500
"1087",2,2,1,4,6,20.67,23,2150
"1088",3,2,2,5,7,26.74,35,2650
"1089",4,2,2,6,7,90.17,9,11500
"1090",3,2,2,5,7,26.74,35,2650
"1091",3,2,2,3,7,33.52,37,3350
"1092",3,2,2,8,16,31.69,36,3100
"1093",3,2,2,1,6,73.59,16,7660
"1094",3,2,2,3,7,31.93,47,2518
"1095",4,2,2,14,14,45.64,37,4880
"1096",4,2,2,2,6,49.06,31,4500
"1097",3,2,2,7,19,40.3,32,3688
"1098",5,2,3,2,7,66.82,37,4780
"1099",3,2,2,3,7,33.52,37,3350
"1100",4,2,2,8,14,61,17,7300
"1101",3,2,2,5,12,35.12,32,3360
"1102",3,2,2,2,7,37.01,34,2800
"1103",3,2,2,5,7,26.74,35,2650
"1104",NA,NA,NA,10,38,189.67,29,28500
"1105",3,2,2,11,12,49.63,37,7580
"1106",4,2,2,6,6,50,42,4688
"1107",3,2,2,2,7,39.63,38,3980
"1108",4,2,2,6,7,54.94,38,5880
"1109",3,2,2,7,7,41.05,43,3880
"1110",1,2,1,8,12,18.03,41,1900
"1111",5,2,2,5,5,46,32,5580
"1112",1,1,1,4,7,11,31,880
"1113",3,2,2,4,12,59,31,4980
"1114",3,2,2,7,12,34.01,40,3080
"1115",2,2,1,2,7,17.8,39,2150
"1116",7,2,5,7,7,131.58,36,15800
"1117",3,2,2,3,7,43.87,39,4380
"1118",3,2,2,5,7,53.15,31,4350
"1119",2,2,1,3,7,20.13,49,1988
"1120",3,2,2,2,6,38.98,41,3730
"1121",2,2,2,11,12,28.5,35,2560
"1122",4,2,2,3,7,52.71,46,5598
"1123",4,2,2,7,7,43.58,35,3480
"1124",2,2,1,3,7,20.15,39,2168
"1125",3,2,2,3,12,40.99,31,2980
"1126",2,2,2,2,6,22.86,35,1998
"1127",4,2,2,6,14,54.22,36,5380
"1128",3,2,2,5,12,35.12,32,3360
"1129",NA,NA,NA,15,15,76.66,0,9813
"1130",3,2,2,5,12,35.12,33,3360
"1131",3,2,2,5,12,35.12,33,3360
"1132",4,2,3,2,11,101.64,5,11500
"1133",3,2,3,11,23,97.3,1,11988
"1134",2,2,2,3,7,28.06,34,1958
"1135",3,2,2,3,7,31.93,48,2518
"1136",2,2,1,7,7,17.09,29,1680
"1137",3,2,2,5,20,74.32,0,9990
"1138",5,3,2,9,9,51.88,16,5600
"1139",2,2,2,6,12,34.67,37,2850
"1140",3,2,2,3,7,33.52,37,3350
"1141",2,2,1,4,14,20.65,40,2188
"1142",3,2,3,12,15,75.31,30,8088
"1143",2,2,2,3,7,44.28,42,4550
"1144",3,2,2,2,10,70.57,4,6600
"1145",4,2,2,2,13,151.98,9,15588
"1146",3,2,1,4,17,31.26,33,2388
"1147",2,2,2,4,14,56.19,38,6180
"1148",3,2,2,10,12,41.93,43,4468
"1149",3,2,2,3,7,33.51,37,3350
"1150",2,2,1,4,7,18.65,0,2088
"1151",4,2,3,16,19,108.09,5,11200
"1152",3,2,2,11,19,100.82,5,11200
"1153",1,1,1,2,6,8.87,10,880
"1154",4,2,3,13,19,112.77,5,13580
"1155",3,2,3,7,17,71.93,27,6980
"1156",2,2,1,7,15,42.38,1,4500
"1157",3,2,2,2,11,35.24,37,3168
"1158",3,2,2,5,7,26.74,35,2650
"1159",4,2,2,3,10,40.62,8,3998
"1160",3,2,2,8,11,51,36,7656
"1161",3,2,2,5,7,49.47,33,4800
"1162",6,2,3,1,7,69.19,35,7880
"1163",2,2,1,4,6,20.67,23,2150
"1164",4,2,2,2,7,67.2,28,8180
"1165",1,1,1,8,14,10.65,9,1270
"1166",2,2,2,6,15,64.65,46,7950
"1167",3,2,2,5,7,26.74,35,2650
"1168",1,2,1,12,12,34.62,37,3350
"1169",3,2,2,5,7,53.1,33,4350
"1170",3,2,2,5,7,33.04,35,2560
"1171",4,2,3,2,7,44.5,37,5999
"1172",3,1,1,4,10,13.79,11,1790
"1173",NA,NA,NA,3,12,11.59,22,1236
"1174",3,2,2,5,12,35.12,33,3360
"1175",3,2,1,5,5,34.9,25,3780
"1176",1,1,1,4,6,13.73,22,1720
"1177",1,1,1,4,6,13.73,22,1720
"1178",NA,NA,NA,2,5,8.87,10,850
"1179",2,2,2,2,6,22.86,34,1998
"1180",2,2,2,2,6,22.8,34,1998
"1181",NA,NA,NA,2,7,43.85,37,4380
"1182",1,2,1,14,14,20.09,40,2398
"1183",2,1,1,8,11,19.5,34,2250
"1184",1,2,1,5,11,22.47,40,2460
"1185",2,2,2,8,14,34.29,3,3680
"1186",4,2,4,15,16,86.7,23,7370
"1187",4,1,1,8,13,50.44,10,5988
"1188",3,2,2,9,12,35.92,30,3500
"1189",3,2,2,2,7,47.64,44,4680
"1190",2,2,2,6,7,29.15,39,2780
"1191",3,2,2,3,7,33.52,38,3350
"1192",3,2,2,5,7,39.87,32,4350
"1193",3,2,2,1,7,47.07,32,3580
"1194",NA,NA,NA,7,14,91.25,6,11800
"1195",3,2,2,11,15,33.81,38,2280
"1196",4,2,2,7,7,39.65,39,4388
"1197",6,4,5,13,14,114.75,28,10800
"1198",3,2,3,11,13,122.83,6,11800
"1199",4,2,2,6,6,49.96,42,4550
"1200",7,3,4,13,14,114.76,28,10800
"1201",3,2,1,5,7,49.47,33,4800
"1202",3,2,1,19,19,31.03,32,2468
"1203",3,2,2,6,7,33.79,36,2758
"1204",3,2,2,4,7,45.83,32,3500
"1205",3,1,1,3,5,21.86,21,2380
"1206",3,2,2,5,7,49.47,30,4800
"1207",5,3,2,9,9,51.88,16,5600
"1208",2,2,2,8,12,49.41,39,5980
"1209",2,2,2,2,7,39.41,35,3900
"1210",4,2,2,5,7,39.3,34,3138
"1211",4,2,2,1,7,59.59,15,7280
"1212",3,2,2,2,7,37.01,34,2800
"1213",3,2,2,13,38,60.39,3,7088
"1214",3,2,2,5,12,35.12,32,3360
"1215",3,2,2,5,7,62.8,13,7888
"1216",3,2,2,5,7,26.74,34,2650
"1217",4,2,2,3,12,47.22,36,4180
"1218",1,1,1,5,12,26.3,40,2850
"1219",2,2,1,5,10,26.32,31,2800
"1220",2,1,1,3,5,21.86,22,2380
"1221",3,2,2,2,7,47.64,44,4680
"1222",2,2,1,5,11,22.47,40,2560
"1223",3,2,2,5,7,49.48,32,4800
"1224",3,2,4,11,16,213.27,3,22988
"1225",NA,NA,NA,7,7,59.2,34,4880
"1226",2,2,3,7,7,100.08,10,14500
"1227",3,2,3,7,17,58.55,28,6980
"1228",4,2,2,6,14,54,35,5380
"1229",1,2,2,12,12,34.62,37,3350
"1230",3,2,2,6,7,39.95,45,4500
"1231",1,1,1,7,10,8.67,11,1170
"1232",3,2,2,5,12,44.02,39,4988
"1233",3,2,2,10,12,44.78,47,6000
"1234",3,2,2,9,11,30.53,37,2780
"1235",2,2,1,5,8,30.32,9,2580
"1236",4,2,2,5,7,58.17,8,5998
"1237",3,2,2,7,7,46.39,32,4980
"1238",2,2,2,7,7,41.38,40,4550
"1239",3,2,1,12,17,30.54,31,2578
"1240",4,2,2,25,26,43.83,33,7980
"1241",4,2,2,4,12,50.51,31,6600
"1242",NA,NA,NA,12,14,14.32,0,2126
"1243",1,1,1,4,5,15.15,23,1380
"1244",2,2,1,2,5,25.11,22,2650
"1245",3,2,2,5,7,26.74,35,2650
"1246",3,2,2,4,26,69.83,27,4850
"1247",4,2,2,5,14,58.17,37,6980
"1248",4,2,4,2,13,112.6,9,15588
"1249",2,2,2,11,12,68.99,4,7468
"1250",3,2,2,5,7,53.15,31,4350
"1251",4,2,3,15,23,120.74,2,13228
"1252",2,2,2,6,15,64.65,6,7950
"1253",2,2,1,8,13,36.71,8,2688
"1254",2,1,1,10,15,17,1,2680
"1255",2,2,2,4,14,56.19,38,6180
"1256",2,2,1,7,7,15.52,39,1699
"1257",2,2,1,4,6,20.67,23,2150
"1258",4,2,3,2,11,101.63,4,11500
"1259",3,2,3,7,17,58.55,28,6980
"1260",3,2,2,12,17,49,32,5890
"1261",2,2,1,7,7,15.52,39,1699
"1262",3,2,2,5,7,26.74,35,2650
"1263",4,2,2,11,15,65.37,10,7180
"1264",2,2,2,3,7,28.06,32,1958
"1265",3,2,2,5,7,26.74,35,2650
"1266",3,2,2,14,18,60.95,21,6800
"1267",2,1,1,10,12,26.67,28,3168
"1268",3,2,2,14,18,60.95,21,6800
"1269",4,2,2,5,6,65.36,25,6800
"1270",2,3,3,11,15,112.83,10,11880
"1271",3,2,2,3,7,33.52,37,3350
"1272",4,2,2,13,19,112.77,5,13580
"1273",3,2,3,12,15,75.31,31,8088
"1274",4,2,2,2,7,71.68,10,7600
"1275",4,2,2,2,7,76.46,28,8180
"1276",4,2,2,7,7,39.65,39,4388
"1277",4,2,3,5,6,51.07,47,4880
"1278",4,2,2,3,6,50.34,33,5800
"1279",2,2,2,11,12,42.37,5,5488
"1280",4,2,3,12,23,97.31,2,12168
"1281",1,1,1,4,7,15.88,9,2208
"1282",3,2,2,5,12,44.02,40,4988
"1283",3,2,3,6,7,53.72,41,3500
"1284",3,2,2,6,7,43.11,37,3330
"1285",3,2,2,5,20,74.32,0,9990
"1286",3,2,2,5,7,26.74,35,2650
"1287",3,2,3,3,15,72.99,1,8800
"1288",4,2,2,7,12,66.7,35,7600
"1289",3,2,3,5,7,83.91,7,9800
"1290",2,2,1,6,8,15.44,10,2500
"1291",3,2,2,5,7,26.74,35,2650
"1292",5,2,5,10,38,189.68,3,28500
"1293",2,2,1,6,13,23.68,22,2668
"1294",4,2,2,3,12,47.22,36,4180
"1295",3,2,2,6,6,27.41,40,2880
"1296",4,2,2,4,7,52.63,40,5180
"1297",1,2,1,4,7,15.88,9,2208
"1298",1,1,1,7,16,11.08,21,1200
"1299",3,2,2,4,26,69.83,27,4850
"1300",2,1,1,7,7,17.09,30,1688
"1301",1,2,1,4,7,15.88,9,2208
"1302",1,1,1,2,7,12.14,29,1198
"1303",2,2,1,8,11,19.5,32,2250
"1304",2,2,1,4,12,25.06,8,2672
"1305",4,2,2,6,7,38.73,38,3588
"1306",4,3,3,2,6,58.15,42,5500
"1307",3,2,2,3,7,41.93,44,4288
"1308",4,2,2,2,7,71.67,10,7600
"1309",2,2,1,4,18,26.92,30,2500
"1310",3,2,2,3,7,33.52,37,3350
"1311",4,2,2,2,8,58.96,13,5833
"1312",3,2,3,7,17,71.93,28,6980
"1313",1,1,1,2,12,19.38,14,1650
"1314",2,2,2,2,7,39.41,35,3900
"1315",4,2,3,15,23,113.24,2,13228
"1316",4,2,2,2,7,71.68,10,7680
"1317",4,2,2,3,7,81.71,35,7780
"1318",3,2,2,5,12,35.12,32,3360
"1319",4,2,2,7,7,50,35,4880
"1320",4,2,3,15,21,90.52,36,11020
"1321",4,2,3,2,11,101.63,4,11500
"1322",2,2,2,2,7,39.41,35,3900
"1323",4,2,2,6,12,57.3,35,5099
"1324",6,6,6,3,7,47.96,31,4588
"1325",2,2,2,3,7,28.06,32,1958
"1326",2,1,1,7,7,15.52,39,1699
"1327",3,2,3,15,19,93.67,14,10800
"1328",2,2,2,4,6,37.2,34,3720
"1329",2,2,1,7,7,17.09,30,1680
"1330",3,2,2,3,7,33.52,37,3350
"1331",5,2,2,7,17,80.8,31,11800
"1332",4,2,2,4,12,33.99,35,2988
"1333",4,2,2,5,13,80.73,6,6500
"1334",1,1,1,4,7,21.52,3,1980
"1335",4,2,2,3,12,47.22,36,4380
"1336",1,1,1,3,7,17.56,35,1280
"1337",3,2,2,3,7,33.52,37,3350
"1338",2,2,2,6,15,64.65,6,7950
"1339",2,2,1,4,11,15.22,38,1480
"1340",1,1,1,4,6,18.16,17,2280
"1341",4,2,2,2,7,41.22,40,4780
"1342",3,2,2,5,12,35.12,32,3360
"1343",4,2,2,7,10,66.62,23,7980
"1344",2,1,1,6,7,19.18,7,2488
"1345",3,2,2,3,7,31.93,48,2518
"1346",4,2,2,5,9,65.92,16,8000
"1347",2,2,2,8,12,49.43,39,5980
"1348",3,2,2,3,7,38.82,40,3380
"1349",3,2,2,3,14,75.05,30,10688
"1350",4,2,2,13,19,112.77,5,13580
"1351",NA,NA,NA,1,13,152.99,10,29000
"1352",3,1,2,3,7,44.28,42,3977
"1353",2,2,1,5,10,26.32,31,2800
"1354",NA,NA,NA,10,38,189.67,3,28500
"1355",3,2,1,8,14,27.07,30,2300
"1356",5,2,2,3,15,73,44,9300
"1357",3,2,2,5,12,35.12,33,3360
"1358",4,2,2,4,7,57.88,36,4980
"1359",3,2,1,19,19,30.64,33,2488
"1360",3,2,2,6,7,46.03,10,4580
"1361",3,2,2,1,6,73.59,16,7660
"1362",1,1,1,8,17,14.77,37,1680
"1363",3,2,2,3,7,33.52,37,3350
"1364",2,2,2,3,7,28.06,32,1958
"1365",3,2,2,3,7,33.52,37,3350
"1366",NA,NA,NA,4,38,155.06,4,21800
"1367",4,2,2,6,13,94.76,13,9360
"1368",2,2,2,6,15,64.65,6,7950
"1369",3,2,3,11,16,126.46,15,15800
"1370",4,2,3,12,23,97.31,2,12138
"1371",NA,NA,NA,2,7,47.73,28,4380
"1372",3,2,2,3,7,41.38,41,4180
"1373",3,2,2,4,7,31.94,35,2680
"1374",4,2,2,5,7,63.81,42,6700
"1375",2,1,1,7,7,17.09,29,1680
"1376",4,2,3,10,15,105.43,6,14600
"1377",2,2,2,6,15,64.65,6,7950
"1378",3,2,2,4,7,36.79,39,3288
"1379",2,1,1,2,7,29.34,8,2550
"1380",3,2,2,2,7,37.01,34,2800
"1381",2,2,3,7,7,100.08,11,14500
"1382",NA,NA,NA,13,14,103.09,5,12880
"1383",4,2,2,3,15,72.99,42,9800
"1384",2,2,2,6,7,29.16,40,2880
"1385",1,1,1,9,14,20.8,9,2450
"1386",2,2,2,8,12,49.43,39,5980
"1387",4,2,3,5,7,100.82,8,9800
"1388",5,2,2,7,12,66.7,35,7600
"1389",4,3,4,22,25,126.05,29,12000
"1390",4,2,2,2,7,43.92,35,4188
"1391",6,4,3,24,26,158.31,29,18880
"1392",4,2,3,12,23,97.31,2,12138
"1393",3,2,2,5,7,35.93,35,2860
"1394",2,2,2,7,7,50.09,41,4760
"1395",3,2,3,7,17,71.93,28,6980
"1396",3,2,2,7,7,41.05,43,4090
"1397",4,2,2,9,12,55.3,39,5880
"1398",3,2,3,1,7,38.3,40,4368
"1399",3,2,2,2,12,26.57,39,2680
"1400",1,1,1,3,38,22.32,4,3170
"1401",3,2,2,12,38,44.25,3,6790
"1402",1,1,1,4,6,13.73,22,1720
"1403",1,1,1,2,15,17.86,39,1660
"1404",1,1,1,6,6,10.27,11,1339
"1405",5,2,2,7,17,80.8,32,11800
"1406",1,2,2,8,12,29.72,9,3450
"1407",4,2,2,5,7,62.8,13,7888
"1408",3,2,2,3,7,43.87,39,4380
"1409",2,1,1,5,13,34.54,1,2185
"1410",3,2,2,14,17,30.24,39,3480
"1411",3,2,2,3,14,65.3,20,10900
"1412",4,1,1,8,13,50.44,10,5988
"1413",3,1,3,2,7,35,38,3300
"1414",3,1,1,2,7,16,9,1788
"1415",3,2,2,12,12,23.67,32,2000
"1416",4,2,2,9,12,43.43,31,4300
"1417",4,2,2,12,17,49.08,31,5890
"1418",4,2,2,3,6,52.08,40,5480
"1419",3,2,2,12,23,81.24,2,9880
"1420",4,2,3,5,11,123,5,13990
"1421",3,2,2,2,14,41.9,30,3380
"1422",4,1,1,8,16,36.04,36,3488
"1423",3,2,3,8,16,90.12,3,12588
"1424",2,1,1,6,7,17.05,30,1999
"1425",3,2,2,7,7,36.08,39,3680
